{"base_classes_top1": [12.0, 30.0, 22.0, 20.0, 24.0, 18.0, 18.0, 20.0, 20.0, 12.0], "non_base_classes_top1": [68.18000030517578, 61.07999801635742, 57.0533332824707, 52.314998626708984, 51.41200256347656, 49.75666809082031, 47.394287109375, 46.48749923706055, 45.2400016784668], "seen_classes_top1": [12.0, 54.959999084472656, 52.173336029052734, 50.73500061035156, 47.52800369262695, 46.86333465576172, 45.691429138183594, 44.3125, 43.96889114379883, 42.85600280761719], "base_classes_top5": [28.0, 52.0, 56.0, 36.0, 34.0, 30.0, 28.0, 32.0, 34.0, 30.0], "non_base_classes_top5": [88.68000030517578, 83.91999816894531, 79.66000366210938, 76.59500122070312, 75.69600677490234, 74.66667175292969, 72.65714263916016, 71.5, 70.3822250366211], "seen_classes_top5": [28.0, 79.1500015258789, 76.3800048828125, 73.98999786376953, 72.30000305175781, 71.34333801269531, 70.63428497314453, 69.61249542236328, 69.05110931396484, 68.03600311279297], "0_base_class_top1": [8.0, 18.0, 22.0, 12.0, 12.0, 4.0, 10.0, 14.0, 16.0, 14.0], "0_base_class_top5": [20.0, 42.0, 34.0, 28.0, 32.0, 24.0, 22.0, 24.0, 30.0, 28.0], "1_base_class_top1": [14.0, 32.0, 10.0, 10.0, 12.0, 6.0, 12.0, 6.0, 6.0, 10.0], "1_base_class_top5": [30.0, 58.0, 40.0, 38.0, 52.0, 34.0, 34.0, 36.0, 48.0, 42.0], "2_base_class_top1": [18.0, 26.0, 22.0, 22.0, 30.0, 16.0, 12.0, 18.0, 28.0, 24.0], "2_base_class_top5": [30.0, 80.0, 64.0, 50.0, 58.0, 48.0, 34.0, 48.0, 54.0, 54.0], "3_base_class_top1": [26.0, 34.0, 38.0, 32.0, 30.0, 18.0, 18.0, 16.0, 18.0, 14.0], "3_base_class_top5": [46.0, 48.0, 44.0, 40.0, 40.0, 38.0, 36.0, 36.0, 40.0, 32.0], "4_base_class_top1": [2.0, 30.0, 26.0, 30.0, 28.0, 14.0, 6.0, 22.0, 22.0, 16.0], "4_base_class_top5": [22.0, 58.0, 52.0, 44.0, 50.0, 38.0, 32.0, 32.0, 42.0, 36.0], "5_base_class_top1": [28.0, 22.0, 18.0, 10.0, 16.0, 14.0, 2.0, 6.0, 8.0, 10.0], "5_base_class_top5": [36.0, 48.0, 38.0, 40.0, 38.0, 40.0, 22.0, 30.0, 28.0, 28.0], "6_base_class_top1": [26.0, 74.0, 60.0, 60.0, 54.0, 46.0, 46.0, 54.0, 42.0, 54.0], "6_base_class_top5": [54.0, 86.0, 78.0, 80.0, 72.0, 62.0, 68.0, 68.0, 66.0, 80.0], "7_base_class_top1": [6.0, 56.0, 34.0, 34.0, 42.0, 38.0, 36.0, 34.0, 34.0, 24.0], "7_base_class_top5": [28.0, 72.0, 62.0, 64.0, 62.0, 54.0, 54.0, 62.0, 58.0, 48.0], "8_base_class_top1": [32.0, 46.0, 40.0, 42.0, 26.0, 24.0, 26.0, 20.0, 20.0, 14.0], "8_base_class_top5": [58.0, 70.0, 66.0, 64.0, 48.0, 46.0, 38.0, 42.0, 36.0, 36.0], "9_base_class_top1": [14.0, 36.0, 30.0, 24.0, 22.0, 26.0, 26.0, 14.0, 30.0, 18.0], "9_base_class_top5": [34.0, 64.0, 48.0, 48.0, 46.0, 48.0, 40.0, 34.0, 42.0, 40.0], "10_base_class_top1": [26.0, 50.0, 32.0, 16.0, 18.0, 10.0, 12.0, 18.0, 16.0, 18.0], "10_base_class_top5": [40.0, 68.0, 64.0, 48.0, 48.0, 38.0, 42.0, 46.0, 42.0, 52.0], "11_base_class_top1": [8.0, 64.0, 66.0, 60.0, 54.0, 50.0, 54.0, 52.0, 56.0, 54.0], "11_base_class_top5": [18.0, 74.0, 74.0, 70.0, 70.0, 68.0, 68.0, 72.0, 68.0, 70.0], "12_base_class_top1": [16.0, 84.0, 64.0, 40.0, 52.0, 50.0, 32.0, 50.0, 70.0, 64.0], "12_base_class_top5": [38.0, 98.0, 92.0, 78.0, 84.0, 76.0, 68.0, 82.0, 88.0, 84.0], "13_base_class_top1": [24.0, 52.0, 42.0, 38.0, 40.0, 46.0, 32.0, 48.0, 48.0, 42.0], "13_base_class_top5": [58.0, 74.0, 68.0, 64.0, 60.0, 64.0, 56.0, 66.0, 64.0, 60.0], "14_base_class_top1": [12.0, 42.0, 36.0, 12.0, 10.0, 10.0, 8.0, 10.0, 2.0, 6.0], "14_base_class_top5": [38.0, 66.0, 56.0, 46.0, 32.0, 36.0, 38.0, 34.0, 28.0, 28.0], "15_base_class_top1": [12.0, 76.0, 66.0, 68.0, 70.0, 70.0, 34.0, 42.0, 40.0, 44.0], "15_base_class_top5": [16.0, 84.0, 84.0, 86.0, 86.0, 80.0, 74.0, 80.0, 84.0, 82.0], "16_base_class_top1": [24.0, 34.0, 18.0, 10.0, 12.0, 4.0, 4.0, 2.0, 18.0, 2.0], "16_base_class_top5": [42.0, 74.0, 54.0, 48.0, 58.0, 48.0, 40.0, 42.0, 48.0, 34.0], "17_base_class_top1": [18.0, 44.0, 48.0, 30.0, 36.0, 14.0, 22.0, 20.0, 26.0, 18.0], "17_base_class_top5": [44.0, 84.0, 72.0, 68.0, 62.0, 46.0, 60.0, 60.0, 60.0, 58.0], "18_base_class_top1": [26.0, 52.0, 28.0, 30.0, 24.0, 24.0, 14.0, 24.0, 18.0, 28.0], "18_base_class_top5": [60.0, 84.0, 74.0, 58.0, 64.0, 54.0, 50.0, 46.0, 50.0, 40.0], "19_base_class_top1": [22.0, 60.0, 46.0, 54.0, 48.0, 32.0, 44.0, 30.0, 28.0, 6.0], "19_base_class_top5": [40.0, 82.0, 72.0, 66.0, 64.0, 62.0, 62.0, 56.0, 66.0, 58.0], "20_base_class_top1": [22.0, 14.0, 4.0, 4.0, 4.0, 2.0, 2.0, 0.0, 4.0, 6.0], "20_base_class_top5": [46.0, 64.0, 54.0, 42.0, 46.0, 24.0, 38.0, 28.0, 30.0, 36.0], "21_base_class_top1": [22.0, 66.0, 64.0, 66.0, 68.0, 44.0, 46.0, 48.0, 32.0, 32.0], "21_base_class_top5": [48.0, 82.0, 84.0, 84.0, 76.0, 66.0, 72.0, 74.0, 72.0, 70.0], "22_base_class_top1": [16.0, 44.0, 38.0, 16.0, 14.0, 14.0, 18.0, 18.0, 20.0, 24.0], "22_base_class_top5": [38.0, 66.0, 56.0, 52.0, 58.0, 54.0, 44.0, 56.0, 52.0, 58.0], "23_base_class_top1": [18.0, 12.0, 6.0, 14.0, 14.0, 20.0, 10.0, 8.0, 10.0, 12.0], "23_base_class_top5": [38.0, 52.0, 30.0, 46.0, 36.0, 36.0, 28.0, 26.0, 38.0, 24.0], "24_base_class_top1": [22.0, 48.0, 48.0, 56.0, 36.0, 28.0, 26.0, 36.0, 38.0, 42.0], "24_base_class_top5": [52.0, 86.0, 84.0, 80.0, 74.0, 64.0, 62.0, 70.0, 66.0, 66.0], "25_base_class_top1": [26.0, 6.0, 12.0, 12.0, 12.0, 4.0, 2.0, 4.0, 2.0, 4.0], "25_base_class_top5": [52.0, 58.0, 60.0, 56.0, 60.0, 50.0, 40.0, 48.0, 40.0, 42.0], "26_base_class_top1": [12.0, 30.0, 14.0, 14.0, 14.0, 14.0, 10.0, 10.0, 10.0, 8.0], "26_base_class_top5": [36.0, 86.0, 52.0, 46.0, 56.0, 44.0, 44.0, 32.0, 26.0, 28.0], "27_base_class_top1": [16.0, 46.0, 48.0, 44.0, 50.0, 38.0, 46.0, 54.0, 46.0, 38.0], "27_base_class_top5": [30.0, 74.0, 68.0, 64.0, 66.0, 56.0, 58.0, 64.0, 64.0, 52.0], "28_base_class_top1": [26.0, 40.0, 38.0, 32.0, 28.0, 26.0, 16.0, 18.0, 16.0, 16.0], "28_base_class_top5": [42.0, 72.0, 68.0, 60.0, 50.0, 50.0, 44.0, 44.0, 38.0, 44.0], "29_base_class_top1": [32.0, 46.0, 40.0, 34.0, 30.0, 28.0, 26.0, 26.0, 28.0, 20.0], "29_base_class_top5": [50.0, 52.0, 48.0, 46.0, 44.0, 36.0, 38.0, 42.0, 46.0, 42.0], "30_base_class_top1": [24.0, 10.0, 8.0, 6.0, 10.0, 8.0, 6.0, 4.0, 6.0, 4.0], "30_base_class_top5": [60.0, 52.0, 34.0, 30.0, 36.0, 36.0, 20.0, 30.0, 24.0, 24.0], "31_base_class_top1": [40.0, 82.0, 80.0, 72.0, 70.0, 62.0, 66.0, 60.0, 72.0, 64.0], "31_base_class_top5": [52.0, 94.0, 98.0, 90.0, 88.0, 84.0, 86.0, 86.0, 88.0, 82.0], "32_base_class_top1": [24.0, 28.0, 26.0, 6.0, 10.0, 8.0, 10.0, 10.0, 8.0, 12.0], "32_base_class_top5": [60.0, 60.0, 56.0, 26.0, 24.0, 20.0, 16.0, 18.0, 18.0, 28.0], "33_base_class_top1": [34.0, 66.0, 44.0, 50.0, 48.0, 46.0, 40.0, 30.0, 44.0, 34.0], "33_base_class_top5": [74.0, 80.0, 74.0, 72.0, 74.0, 72.0, 74.0, 64.0, 62.0, 60.0], "34_base_class_top1": [22.0, 28.0, 6.0, 10.0, 10.0, 8.0, 4.0, 10.0, 8.0, 18.0], "34_base_class_top5": [46.0, 78.0, 62.0, 52.0, 54.0, 50.0, 46.0, 56.0, 46.0, 70.0], "35_base_class_top1": [18.0, 30.0, 24.0, 18.0, 18.0, 10.0, 10.0, 8.0, 10.0, 8.0], "35_base_class_top5": [38.0, 62.0, 40.0, 42.0, 40.0, 34.0, 30.0, 32.0, 30.0, 32.0], "36_base_class_top1": [40.0, 42.0, 4.0, 6.0, 4.0, 2.0, 2.0, 8.0, 6.0, 2.0], "36_base_class_top5": [62.0, 74.0, 64.0, 60.0, 56.0, 44.0, 48.0, 46.0, 48.0, 52.0], "37_base_class_top1": [22.0, 36.0, 34.0, 34.0, 36.0, 26.0, 22.0, 22.0, 22.0, 16.0], "37_base_class_top5": [40.0, 56.0, 42.0, 44.0, 46.0, 50.0, 40.0, 44.0, 38.0, 36.0], "38_base_class_top1": [44.0, 60.0, 50.0, 50.0, 52.0, 40.0, 38.0, 46.0, 44.0, 40.0], "38_base_class_top5": [74.0, 70.0, 68.0, 60.0, 66.0, 60.0, 62.0, 64.0, 64.0, 66.0], "39_base_class_top1": [28.0, 26.0, 16.0, 20.0, 22.0, 16.0, 2.0, 6.0, 12.0, 8.0], "39_base_class_top5": [56.0, 78.0, 60.0, 50.0, 56.0, 42.0, 34.0, 40.0, 50.0, 28.0], "40_base_class_top1": [24.0, 70.0, 50.0, 48.0, 44.0, 24.0, 24.0, 32.0, 24.0, 28.0], "40_base_class_top5": [42.0, 90.0, 82.0, 80.0, 82.0, 72.0, 78.0, 66.0, 64.0, 58.0], "41_base_class_top1": [14.0, 42.0, 16.0, 8.0, 14.0, 12.0, 4.0, 8.0, 12.0, 10.0], "41_base_class_top5": [38.0, 70.0, 44.0, 38.0, 30.0, 26.0, 16.0, 26.0, 30.0, 20.0], "42_base_class_top1": [22.0, 30.0, 24.0, 26.0, 18.0, 14.0, 20.0, 18.0, 16.0, 10.0],