{"base_classes_top1": [12.0, 30.0], "non_base_classes_top1": [68.18000030517578], "seen_classes_top1": [12.0, 54.959999084472656], "base_classes_top5": [28.0, 52.0], "non_base_classes_top5": [88.68000030517578], "seen_classes_top5": [28.0, 79.1500015258789], "0_base_class_top1": [8.0, 18.0], "0_base_class_top5": [20.0, 42.0], "1_base_class_top1": [14.0, 32.0], "1_base_class_top5": [30.0, 58.0], "2_base_class_top1": [18.0, 26.0], "2_base_class_top5": [30.0, 80.0], "3_base_class_top1": [26.0, 34.0], "3_base_class_top5": [46.0, 48.0], "4_base_class_top1": [2.0, 30.0], "4_base_class_top5": [22.0, 58.0], "5_base_class_top1": [28.0, 22.0], "5_base_class_top5": [36.0, 48.0], "6_base_class_top1": [26.0, 74.0], "6_base_class_top5": [54.0, 86.0], "7_base_class_top1": [6.0, 56.0], "7_base_class_top5": [28.0, 72.0], "8_base_class_top1": [32.0, 46.0], "8_base_class_top5": [58.0, 70.0], "9_base_class_top1": [14.0, 36.0], "9_base_class_top5": [34.0, 64.0], "10_base_class_top1": [26.0, 50.0], "10_base_class_top5": [40.0, 68.0], "11_base_class_top1": [8.0, 64.0], "11_base_class_top5": [18.0, 74.0], "12_base_class_top1": [16.0, 84.0], "12_base_class_top5": [38.0, 98.0], "13_base_class_top1": [24.0, 52.0], "13_base_class_top5": [58.0, 74.0], "14_base_class_top1": [12.0, 42.0], "14_base_class_top5": [38.0, 66.0], "15_base_class_top1": [12.0, 76.0], "15_base_class_top5": [16.0, 84.0], "16_base_class_top1": [24.0, 34.0], "16_base_class_top5": [42.0, 74.0], "17_base_class_top1": [18.0, 44.0], "17_base_class_top5": [44.0, 84.0], "18_base_class_top1": [26.0, 52.0], "18_base_class_top5": [60.0, 84.0], "19_base_class_top1": [22.0, 60.0], "19_base_class_top5": [40.0, 82.0], "20_base_class_top1": [22.0, 14.0], "20_base_class_top5": [46.0, 64.0], "21_base_class_top1": [22.0, 66.0], "21_base_class_top5": [48.0, 82.0], "22_base_class_top1": [16.0, 44.0], "22_base_class_top5": [38.0, 66.0], "23_base_class_top1": [18.0, 12.0], "23_base_class_top5": [38.0, 52.0], "24_base_class_top1": [22.0, 48.0], "24_base_class_top5": [52.0, 86.0], "25_base_class_top1": [26.0, 6.0], "25_base_class_top5": [52.0, 58.0], "26_base_class_top1": [12.0, 30.0], "26_base_class_top5": [36.0, 86.0], "27_base_class_top1": [16.0, 46.0], "27_base_class_top5": [30.0, 74.0], "28_base_class_top1": [26.0, 40.0], "28_base_class_top5": [42.0, 72.0], "29_base_class_top1": [32.0, 46.0], "29_base_class_top5": [50.0, 52.0], "30_base_class_top1": [24.0, 10.0], "30_base_class_top5": [60.0, 52.0], "31_base_class_top1": [40.0, 82.0], "31_base_class_top5": [52.0, 94.0], "32_base_class_top1": [24.0, 28.0], "32_base_class_top5": [60.0, 60.0], "33_base_class_top1": [34.0, 66.0], "33_base_class_top5": [74.0, 80.0], "34_base_class_top1": [22.0, 28.0], "34_base_class_top5": [46.0, 78.0], "35_base_class_top1": [18.0, 30.0], "35_base_class_top5": [38.0, 62.0], "36_base_class_top1": [40.0, 42.0], "36_base_class_top5": [62.0, 74.0], "37_base_class_top1": [22.0, 36.0], "37_base_class_top5": [40.0, 56.0], "38_base_class_top1": [44.0, 60.0], "38_base_class_top5": [74.0, 70.0], "39_base_class_top1": [28.0, 26.0], "39_base_class_top5": [56.0, 78.0], "40_base_class_top1": [24.0, 70.0], "40_base_class_top5": [42.0, 90.0], "41_base_class_top1": [14.0, 42.0], "41_base_class_top5": [38.0, 70.0], "42_base_class_top1": [22.0, 30.0], "42_base_class_top5": [38.0, 66.0], "43_base_class_top1": [2.0, 34.0], "43_base_class_top5": [2.0, 88.0], "44_base_class_top1": [2.0, 28.0], "44_base_class_top5": [24.0, 72.0], "45_base_class_top1": [4.0, 48.0], "45_base_class_top5": [10.0, 88.0], "46_base_class_top1": [8.0, 60.0], "46_base_class_top5": [32.0, 82.0], "47_base_class_top1": [6.0, 30.0], "47_base_class_top5": [18.0, 52.0], "48_base_class_top1": [14.0, 18.0], "48_base_class_top5": [38.0, 62.0], "49_base_class_top1": [2.0, 54.0], "49_base_class_top5": [6.0, 74.0], "50_base_class_top1": [30.0, 24.0], "50_base_class_top5": [64.0, 58.0], "51_base_class_top1": [8.0, 66.0], "51_base_class_top5": [22.0, 90.0], "52_base_class_top1": [16.0, 14.0], "52_base_class_top5": [58.0, 24.0], "53_base_class_top1": [34.0, 50.0], "53_base_class_top5": [54.0, 70.0], "54_base_class_top1": [24.0, 40.0], "54_base_class_top5": [46.0, 74.0], "55_base_class_top1": [10.0, 28.0], "55_base_class_top5": [30.0, 58.0], "56_base_class_top1": [38.0, 10.0], "56_base_class_top5": [56.0, 90.0], "57_base_class_top1": [16.0, 44.0], "57_base_class_top5": [32.0, 68.0], "58_base_class_top1": [2.0, 60.0], "58_base_class_top5": [14.0, 84.0], "59_base_class_top1": [16.0, 44.0], "59_base_class_top5": [32.0, 66.0], "60_base_class_top1": [8.0, 34.0], "60_base_class_top5": [20.0, 70.0], "61_base_class_top1": [16.0, 64.0], "61_base_class_top5": [36.0, 80.0], "62_base_class_top1": [0.0, 56.0], "62_base_class_top5": [8.0, 62.0], "63_base_class_top1": [12.0, 18.0], "63_base_class_top5": [40.0, 42.0], "64_base_class_top1": [4.0, 60.0], "64_base_class_top5": [18.0, 94.0], "65_base_class_top1": [22.0, 28.0], "65_base_class_top5": [42.0, 66.0], "66_base_class_top1": [22.0, 32.0], "66_base_class_top5": [48.0, 58.0], "67_base_class_top1": [34.0, 36.0], "67_base_class_top5": [70.0, 70.0], "68_base_class_top1": [6.0, 46.0], "68_base_class_top5": [18.0, 64.0], "69_base_class_top1": [6.0, 60.0], "69_base_class_top5": [12.0, 88.0], "70_base_class_top1": [24.0, 48.0], "70_base_class_top5": [50.0, 62.0], "71_base_class_top1": [0.0, 34.0], "71_base_class_top5": [4.0, 62.0], "72_base_class_top1": [28.0, 34.0], "72_base_class_top5": [48.0, 68.0], "73_base_class_top1": [14.0, 28.0], "73_base_class_top5": [36.0, 46.0], "74_base_class_top1": [32.0, 26.0], "74_base_class_top5": [58.0, 36.0], "75_base_class_top1": [14.0, 42.0], "75_base_class_top5": [26.0, 76.0], "76_base_class_top1": [18.0, 20.0], "76_base_class_top5": [30.0, 88.0], "77_base_class_top1": [12.0, 62.0], "77_base_class_top5": [24.0, 78.0], "78_base_class_top1": [10.0, 52.0], "78_base_class_top5": [12.0, 84.0], "79_base_class_top1": [60.0, 24.0], "79_base_class_top5": [80.0, 48.0], "80_base_class_top1": [4.0, 46.0], "80_base_class_top5": [10.0, 60.0], "81_base_class_top1": [12.0, 24.0], "81_base_class_top5": [34.0, 48.0], "82_base_class_top1": [14.0, 28.0], "82_base_class_top5": [28.0, 58.0], "83_base_class_top1": [30.0, 28.0], "83_base_class_top5": [50.0, 44.0], "84_base_class_top1": [32.0, 42.0], "84_base_class_top5": [44.0, 74.0], "85_base_class_top1": [20.0, 14.0], "85_base_class_top5": [34.0, 62.0], "86_base_class_top1": [6.0, 22.0], "86_base_class_top5": [22.0, 58.0], "87_base_class_top1": [10.0, 38.0], "87_base_class_top5": [16.0, 74.0], "88_base_class_top1": [10.0, 32.0], "88_base_class_top5": [38.0, 90.0], "89_base_class_top1": [16.0, 44.0], "89_base_class_top5": [32.0, 74.0], "90_base_class_top1": [24.0, 38.0], "90_base_class_top5": [40.0, 74.0], "91_base_class_top1": [2.0, 82.0], "91_base_class_top5": [10.0, 84.0], "92_base_class_top1": [12.0, 64.0], "92_base_class_top5": [20.0, 84.0], "93_base_class_top1": [14.0, 60.0], "93_base_class_top5": [26.0, 76.0], "94_base_class_top1": [2.0, 52.0], "94_base_class_top5": [16.0, 70.0], "95_base_class_top1": [34.0, 24.0], "95_base_class_top5": [66.0, 42.0], "96_base_class_top1": [10.0, 74.0], "96_base_class_top5": [32.0, 88.0], "97_base_class_top1": [0.0, 82.0], "97_base_class_top5": [4.0, 86.0], "98_base_class_top1": [2.0, 60.0], "98_base_class_top5": [10.0, 86.0], "99_base_class_top1": [12.0, 30.0], "99_base_class_top5": [28.0, 52.0]}